<?xml version="1.0" encoding="UTF-8"?>
<root>
  <item name="me.relex.photodraweeview.Attacher void setOrientation(int) 0">
    <annotation name="android.support.annotation.IntDef">
      <val name="value" val="{me.relex.photodraweeview.Attacher.HORIZONTAL, me.relex.photodraweeview.Attacher.VERTICAL}" />
    </annotation>
  </item>
  <item name="me.relex.photodraweeview.Attacher.OrientationMode">
    <annotation name="android.support.annotation.IntDef">
      <val name="value" val="{me.relex.photodraweeview.Attacher.HORIZONTAL, me.relex.photodraweeview.Attacher.VERTICAL}" />
    </annotation>
  </item>
  <item name="me.relex.photodraweeview.IAttacher void setOrientation(int) 0">
    <annotation name="android.support.annotation.IntDef">
      <val name="value" val="{me.relex.photodraweeview.Attacher.HORIZONTAL, me.relex.photodraweeview.Attacher.VERTICAL}" />
    </annotation>
  </item>
  <item name="me.relex.photodraweeview.PhotoDraweeView void setOrientation(int) 0">
    <annotation name="android.support.annotation.IntDef">
      <val name="value" val="{me.relex.photodraweeview.Attacher.HORIZONTAL, me.relex.photodraweeview.Attacher.VERTICAL}" />
    </annotation>
  </item>
</root>

