<?xml version="1.0" encoding="UTF-8"?>
<root>
  <item name="com.zzhoujay.richtext.CacheType">
    <annotation name="android.support.annotation.IntDef">
      <val name="value" val="{com.zzhoujay.richtext.CacheType.NONE, com.zzhoujay.richtext.CacheType.LAYOUT, com.zzhoujay.richtext.CacheType.ALL}" />
    </annotation>
  </item>
  <item name="com.zzhoujay.richtext.ImageHolder imageState">
    <annotation name="android.support.annotation.IntDef">
      <val name="value" val="{com.zzhoujay.richtext.ImageHolder.ImageState.INIT, com.zzhoujay.richtext.ImageHolder.ImageState.LOADING, com.zzhoujay.richtext.ImageHolder.ImageState.READY, com.zzhoujay.richtext.ImageHolder.ImageState.FAILED, com.zzhoujay.richtext.ImageHolder.ImageState.SIZE_READY}" />
    </annotation>
  </item>
  <item name="com.zzhoujay.richtext.ImageHolder imageType">
    <annotation name="android.support.annotation.IntDef">
      <val name="value" val="{com.zzhoujay.richtext.ImageHolder.ImageType.JPG, com.zzhoujay.richtext.ImageHolder.ImageType.GIF}" />
    </annotation>
  </item>
  <item name="com.zzhoujay.richtext.ImageHolder int getImageState()">
    <annotation name="android.support.annotation.IntDef">
      <val name="value" val="{com.zzhoujay.richtext.ImageHolder.ImageState.INIT, com.zzhoujay.richtext.ImageHolder.ImageState.LOADING, com.zzhoujay.richtext.ImageHolder.ImageState.READY, com.zzhoujay.richtext.ImageHolder.ImageState.FAILED, com.zzhoujay.richtext.ImageHolder.ImageState.SIZE_READY}" />
    </annotation>
  </item>
  <item name="com.zzhoujay.richtext.ImageHolder int getImageType()">
    <annotation name="android.support.annotation.IntDef">
      <val name="value" val="{com.zzhoujay.richtext.ImageHolder.ImageType.JPG, com.zzhoujay.richtext.ImageHolder.ImageType.GIF}" />
    </annotation>
  </item>
  <item name="com.zzhoujay.richtext.ImageHolder int getScaleType()">
    <annotation name="android.support.annotation.IntDef">
      <val name="value" val="{com.zzhoujay.richtext.ImageHolder.ScaleType.DEFAULT, com.zzhoujay.richtext.ImageHolder.ScaleType.CENTER_CROP, com.zzhoujay.richtext.ImageHolder.ScaleType.FIT_CENTER}" />
    </annotation>
  </item>
  <item name="com.zzhoujay.richtext.ImageHolder scaleType">
    <annotation name="android.support.annotation.IntDef">
      <val name="value" val="{com.zzhoujay.richtext.ImageHolder.ScaleType.DEFAULT, com.zzhoujay.richtext.ImageHolder.ScaleType.CENTER_CROP, com.zzhoujay.richtext.ImageHolder.ScaleType.FIT_CENTER}" />
    </annotation>
  </item>
  <item name="com.zzhoujay.richtext.ImageHolder void setImageState(int) 0">
    <annotation name="android.support.annotation.IntDef">
      <val name="value" val="{com.zzhoujay.richtext.ImageHolder.ImageState.INIT, com.zzhoujay.richtext.ImageHolder.ImageState.LOADING, com.zzhoujay.richtext.ImageHolder.ImageState.READY, com.zzhoujay.richtext.ImageHolder.ImageState.FAILED, com.zzhoujay.richtext.ImageHolder.ImageState.SIZE_READY}" />
    </annotation>
  </item>
  <item name="com.zzhoujay.richtext.ImageHolder void setImageType(int) 0">
    <annotation name="android.support.annotation.IntDef">
      <val name="value" val="{com.zzhoujay.richtext.ImageHolder.ImageType.JPG, com.zzhoujay.richtext.ImageHolder.ImageType.GIF}" />
    </annotation>
  </item>
  <item name="com.zzhoujay.richtext.ImageHolder void setScaleType(int) 0">
    <annotation name="android.support.annotation.IntDef">
      <val name="value" val="{com.zzhoujay.richtext.ImageHolder.ScaleType.DEFAULT, com.zzhoujay.richtext.ImageHolder.ScaleType.CENTER_CROP, com.zzhoujay.richtext.ImageHolder.ScaleType.FIT_CENTER}" />
    </annotation>
  </item>
  <item name="com.zzhoujay.richtext.ImageHolder.ImageState">
    <annotation name="android.support.annotation.IntDef">
      <val name="value" val="{com.zzhoujay.richtext.ImageHolder.ImageState.INIT, com.zzhoujay.richtext.ImageHolder.ImageState.LOADING, com.zzhoujay.richtext.ImageHolder.ImageState.READY, com.zzhoujay.richtext.ImageHolder.ImageState.FAILED, com.zzhoujay.richtext.ImageHolder.ImageState.SIZE_READY}" />
    </annotation>
  </item>
  <item name="com.zzhoujay.richtext.ImageHolder.ImageType">
    <annotation name="android.support.annotation.IntDef">
      <val name="value" val="{com.zzhoujay.richtext.ImageHolder.ImageType.JPG, com.zzhoujay.richtext.ImageHolder.ImageType.GIF}" />
    </annotation>
  </item>
  <item name="com.zzhoujay.richtext.ImageHolder.ScaleType">
    <annotation name="android.support.annotation.IntDef">
      <val name="value" val="{com.zzhoujay.richtext.ImageHolder.ScaleType.DEFAULT, com.zzhoujay.richtext.ImageHolder.ScaleType.CENTER_CROP, com.zzhoujay.richtext.ImageHolder.ScaleType.FIT_CENTER}" />
    </annotation>
  </item>
  <item name="com.zzhoujay.richtext.RichState">
    <annotation name="android.support.annotation.IntDef">
      <val name="value" val="{com.zzhoujay.richtext.RichState.ready, com.zzhoujay.richtext.RichState.loading, com.zzhoujay.richtext.RichState.loaded}" />
    </annotation>
  </item>
  <item name="com.zzhoujay.richtext.RichText com.zzhoujay.richtext.RichTextConfig.RichTextConfigBuild from(java.lang.String, int) 1">
    <annotation name="android.support.annotation.IntDef">
      <val name="value" val="{com.zzhoujay.richtext.RichType.HTML, com.zzhoujay.richtext.RichType.MARKDOWN}" />
    </annotation>
  </item>
  <item name="com.zzhoujay.richtext.RichText int getState()">
    <annotation name="android.support.annotation.IntDef">
      <val name="value" val="{com.zzhoujay.richtext.RichState.ready, com.zzhoujay.richtext.RichState.loading, com.zzhoujay.richtext.RichState.loaded}" />
    </annotation>
  </item>
  <item name="com.zzhoujay.richtext.RichText state">
    <annotation name="android.support.annotation.IntDef">
      <val name="value" val="{com.zzhoujay.richtext.RichState.ready, com.zzhoujay.richtext.RichState.loading, com.zzhoujay.richtext.RichState.loaded}" />
    </annotation>
  </item>
  <item name="com.zzhoujay.richtext.RichTextConfig cacheType">
    <annotation name="android.support.annotation.IntDef">
      <val name="value" val="{com.zzhoujay.richtext.CacheType.NONE, com.zzhoujay.richtext.CacheType.LAYOUT, com.zzhoujay.richtext.CacheType.ALL}" />
    </annotation>
  </item>
  <item name="com.zzhoujay.richtext.RichTextConfig richType">
    <annotation name="android.support.annotation.IntDef">
      <val name="value" val="{com.zzhoujay.richtext.RichType.HTML, com.zzhoujay.richtext.RichType.MARKDOWN}" />
    </annotation>
  </item>
  <item name="com.zzhoujay.richtext.RichTextConfig.RichTextConfigBuild cacheType">
    <annotation name="android.support.annotation.IntDef">
      <val name="value" val="{com.zzhoujay.richtext.CacheType.NONE, com.zzhoujay.richtext.CacheType.LAYOUT, com.zzhoujay.richtext.CacheType.ALL}" />
    </annotation>
  </item>
  <item name="com.zzhoujay.richtext.RichTextConfig.RichTextConfigBuild com.zzhoujay.richtext.RichTextConfig.RichTextConfigBuild cache(int) 0">
    <annotation name="android.support.annotation.IntDef">
      <val name="value" val="{com.zzhoujay.richtext.CacheType.NONE, com.zzhoujay.richtext.CacheType.LAYOUT, com.zzhoujay.richtext.CacheType.ALL}" />
    </annotation>
  </item>
  <item name="com.zzhoujay.richtext.RichTextConfig.RichTextConfigBuild com.zzhoujay.richtext.RichTextConfig.RichTextConfigBuild type(int) 0">
    <annotation name="android.support.annotation.IntDef">
      <val name="value" val="{com.zzhoujay.richtext.RichType.HTML, com.zzhoujay.richtext.RichType.MARKDOWN}" />
    </annotation>
  </item>
  <item name="com.zzhoujay.richtext.RichTextConfig.RichTextConfigBuild richType">
    <annotation name="android.support.annotation.IntDef">
      <val name="value" val="{com.zzhoujay.richtext.RichType.HTML, com.zzhoujay.richtext.RichType.MARKDOWN}" />
    </annotation>
  </item>
  <item name="com.zzhoujay.richtext.RichType">
    <annotation name="android.support.annotation.IntDef">
      <val name="value" val="{com.zzhoujay.richtext.RichType.HTML, com.zzhoujay.richtext.RichType.MARKDOWN}" />
    </annotation>
  </item>
</root>

